,avg_latency,median_latency,std_latency,p95_latency,p99_latency,avg_cpu_util,avg_gpu_util,total_energy,avg_energy_per_task,tasks_completed,tasks_failed,success_rate,throughput
scenario1_baseline,0.64263081646477,0.47355806891071844,0.5580070199713419,1.767330649276942,2.6703976923855555,84.97047920673025,0.0,2282385.0,26.00712169553327,87760.0,2300.0,97.44614701310238,146.26666666666668
scenario2_gpu_basic,0.10901628556964765,0.08421390860047548,0.08874931349868809,0.28568175012373476,0.42311218327651917,17.498492075961398,82.49234389060705,1029114.0,11.884905878276937,86590.0,2714.0,96.96094239899668,144.31666666666666
scenario3_hybrid,0.252327316777454,0.1828150565024183,0.22561383750133435,0.7053895500876487,1.0772918783927528,51.235417772725484,41.298430511917424,1405068.0,15.992487878167042,87858.0,2533.0,97.1977298624863,146.43
scenario4_stress,0.10870739202963738,0.08428821648544389,0.08868664801346912,0.2832494408794623,0.4265255936153016,17.496226327641693,82.51933252170005,4070478.0,11.893531788816718,342243.0,17686.0,95.08625312214353,570.405
